---
layout: null
permalink: .htaccess
---
Redirect 301 /rss http://andydote.co.uk/rss.xml
DirectoryIndex index.html

Redirect 301 /database-integrations-for-microservices /2016/06/09/database-integrations-for-microservices/
Redirect 301 /cqs-with-mediatr /2016/03/19/cqs-with-mediatr/
Redirect 301 /rabbitmq-xunit /2016/03/18/rabbitmq-xunit/
Redirect 301 /generating-assemblyinfo-files-gulpjs /2015/11/19/generating-assemblyinfo-files-gulpjs/
Redirect 301 /webapi-post-plaintext /2015/09/21/webapi-post-plaintext/
Redirect 301 /pre-compiled-microservices /2015/09/15/pre-compiled-microservices/
Redirect 301 /running-microservices-in-docker-with-mono /2015/09/05/running-microservices-in-docker-with-mono/
Redirect 301 /single-project-service-and-console /2015/08/30/single-project-service-and-console/
Redirect 301 /dont-let-the-database-dictate-your-design /2015/04/01/dont-let-the-database-dictate-your-design/
Redirect 301 /problems-with-and-solutions-to-repositories /2015/03/28/problems-with-and-solutions-to-repositories/
Redirect 301 /communicating-intent-in-apis /2015/03/25/communicating-intent-in-apis/
Redirect 301 /encapsulation-in-warcraft-addons-inheritance /2014/12/05/encapsulation-in-warcraft-addons-inheritance/
Redirect 301 /encapsulation-in-warcraft-addons-closures /2014/11/28/encapsulation-in-warcraft-addons-closures/
Redirect 301 /good-design-in-warcraft-addons /2014/11/23/good-design-in-warcraft-addons/
Redirect 301 /edgejs-for-embedded-webuis /2014/08/04/edgejs-for-embedded-webuis/
Redirect 301 /configuring-dapper-to-work-with-custom-types /2014/07/22/configuring-dapper-to-work-with-custom-types/
Redirect 301 /strong-type-your-entity-ids /2014/07/17/strong-type-your-entity-ids/
Redirect 301 /specific-interfaces-smaller-abstractions /2014/06/08/specific-interfaces-smaller-abstractions/
Redirect 301 /using-structuremap-registries /2014/05/19/using-structuremap-registries/
Redirect 301 /rich-domain-modeling /2014/05/04/rich-domain-modeling/
Redirect 301 /using-a-micro-orm-to-decouple-your-db-access /2014/03/29/using-a-micro-orm-to-decouple-your-db-access/
Redirect 301 /solid-principles-dip /2014/03/15/solid-principles-dip/
Redirect 301 /solid-principles-isp /2014/03/01/solid-principles-isp/
Redirect 301 /solid-principles-lsp /2014/02/23/solid-principles-lsp/
Redirect 301 /solid-principles-ocp /2014/02/19/solid-principles-ocp/
Redirect 301 /solid-principles-srp /2014/02/18/solid-principles-srp/
Redirect 301 /specialising-a-general-application /2014/02/02/specialising-a-general-application/
Redirect 301 /analasys-of-frames-in-world-of-warcraft /2013/11/17/analasys-of-frames-in-world-of-warcraft/
Redirect 301 /creating-a-fubumvc-website /2013/08/26/creating-a-fubumvc-website/
Redirect 301 /checking-a-type-for-an-attribute /2012/11/02/checking-a-type-for-an-attribute/
Redirect 301 /sqldatareaderhasrows-problems /2012/10/30/sqldatareaderhasrows-problems/
Redirect 301 /winforms-design-time-support-exposing-sub-designers /2012/10/29/winforms-design-time-support-exposing-sub-designers/
Redirect 301 /designing-the-eventdistributor /2012/04/23/designing-the-eventdistributor/
Redirect 301 /model-view-presenters-composite-views /2012/03/29/model-view-presenters-composite-views/
Redirect 301 /model-view-presenters-view-to-presenter-communication /2012/01/31/model-view-presenters-view-to-presenter-communication/
Redirect 301 /model-view-presenters-presenter-to-view-communication /2012/01/26/model-view-presenters-presenter-to-view-communication/
Redirect 301 /model-view-presenter-introduction /2012/01/26/model-view-presenter-introduction/
Redirect 301 /working-with-xmltextwriter /2011/10/25/working-with-xmltextwriter/
Redirect 301 /noticing-changes /2011/10/22/noticing-changes/
Redirect 301 /c-and-vbnet-differences /2011/09/14/c-and-vbnet-differences/
Redirect 301 /c-enum-casting /2011/08/09/c-enum-casting/
Redirect 301 /differences-between-properties-and-auto-properties /2011/07/11/differences-between-properties-and-auto-properties/
Redirect 301 /missuse-of-narrowing-implicit-operators /2011/03/17/missuse-of-narrowing-implicit-operators/
Redirect 301 /expression-rules-version-2 /2011/02/09/expression-rules-version-2/
Redirect 301 /adding-mspec-to-your-git-bash /2010/11/13/adding-mspec-to-your-git-bash/
Redirect 301 /databinding-to-a-datagridview-the-order-of-columns /2010/10/20/databinding-to-a-datagridview-the-order-of-columns/
Redirect 301 /actually-i-ll-mutate-if-you-don-t-mind /2010/09/10/actually-i-ll-mutate-if-you-don-t-mind/
Redirect 301 /to-mutate-or-not-to-mutate /2010/09/08/to-mutate-or-not-to-mutate/
Redirect 301 /using-visual-studio-s-regex-find-and-replace /2010/08/31/using-visual-studio-s-regex-find-and-replace/
Redirect 301 /multilining-if-statements-conditions-should-be-banned-now /2010/03/24/multilining-if-statements-conditions-should-be-banned-now/
Redirect 301 /converting-from-nunit-to-mstest /2010/01/12/converting-from-nunit-to-mstest/
Redirect 301 /thanks-google-for-solving-my-problem /2009/12/16/thanks-google-for-solving-my-problem/
Redirect 301 /functionality-and-seperation-of-concerns /2009/12/15/functionality-and-seperation-of-concerns/
Redirect 301 /software-fuzzying-maybe /2009/10/07/software-fuzzying-maybe/
Redirect 301 /region-hate /2009/10/06/region-hate/
Redirect 301 /fluency-at-a-cost /2009/07/29/fluency-at-a-cost/
Redirect 301 /key-bindings /2009/07/17/key-bindings/
Redirect 301 /ci-thoughts-on-ccnet-and-hudson /2009/07/14/ci-thoughts-on-ccnet-and-hudson/
Redirect 301 /overuse-of-the-var-keyword /2009/06/29/overuse-of-the-var-keyword/
Redirect 301 /coming-from-something-as-opposed-to-going-to-something /2009/06/19/coming-from-something-as-opposed-to-going-to-something/
Redirect 301 /fluent-validation /2009/06/12/fluent-validation/
Redirect 301 /the-reading-list /2009/06/05/the-reading-list/
Redirect 301 /converting-code /2009/06/01/converting-code/
Redirect 301 /microcontrollers-for-menuitems /2009/05/29/microcontrollers-for-menuitems/
Redirect 301 /generics-to-the-rescue-again /2009/05/22/generics-to-the-rescue-again/
Redirect 301 /using-laziness /2009/05/19/using-laziness/
Redirect 301 /finally-i-have-used-a-model-view-controller /2009/05/18/finally-i-have-used-a-model-view-controller/
Redirect 301 /sql-like-statement /2009/05/15/sql-like-statement/
Redirect 301 /conflicting-unrelated-options-alps-trackpad-vs-microsoft-mouse /2008/04/17/conflicting-unrelated-options-alps-trackpad-vs-microsoft-mouse/
Redirect 301 /creating-non-resizable-controls /2008/04/13/creating-non-resizable-controls/
Redirect 301 /vaio-event-service-and-vista /2008/04/08/vaio-event-service-and-vista/
Redirect 301 /vbnet-c-fixed-height-user-controls /2008/03/29/vbnet-c-fixed-height-user-controls/
Redirect 301 /flow-layout-panel-and-scroll-wheel-problem /2008/03/29/flow-layout-panel-and-scroll-wheel-problem/
